id,name,rtype,description,hours_json,phone,email,address,geom,Tags,Lat,Long
16,Castle Park Middle School Pantry,Food,,,619-361-5684,," 160 Quintard St Chula Vista, CA 91911, US",,Walk-up,32.6048459,-117.0593393
14,Campo Pantry,Food,,,,," 976 Sheridan Road Campo, CA 91906, US",,Drive-through,32.6090022,-116.4694605
24,Clover Flat Elementary School Pantry,Food,,,,," 39639 Old Highway 80 Boulevard, CA 91905, US",,Walk-up,32.6619312,-116.257812
23,City of Hope,Food,,,619-633-7977,,"Jackie Robinson YMCA 151 YMCA Way San Diego, CA 92102, US",,Walk-up,32.7051829,-117.0974966
19,Christian Church of Lemon Grove,Food,,,619-465-1888,,"6970 San Miguel Ave. Lemon Grove, CA 91945, US",,Walk-up,32.7356382,-117.0476534
11,Bridge of Hope,Food,,Mon; Fri; Sat,,,"3406 Fairmount Avenue San Diego, CA 92105, US",,Walk-up,32.741439,-117.101292
21,City Heights Assembly of God,Food,,Mon; Wed; Thu; Sat; Sun,619-471-4809,,"3737 Wightman Street San Diego, CA 92015, US",,Walk-up,32.747452,-117.112259
22,City Heights Mobile Pantry,Food,,,619-280-9622,,"4300 El Cajon Blvd San Diego, CA 92105, US",,Walk-up,32.7555317,-117.1013528
28,Crosspointe - Our Church,Food,,Mon; Tue; Wed; Thu; Fri,619-464-3077,," 8809 La Mesa Boulevard La Mesa, CA 91942, US",,Walk-up,32.770761,-117.007443
33,El Cajon Valley High School Pantry,Food,,Mon; Wed; Thu,619-401-4729,,"1035 E Madison Ave El Cajon, CA 92021, US",,Drive-through,32.8001048,-116.947573
25,Community Christian Service Agency,Food,,Mon; Sat,,,"4167 Rappahannock Ave San Diego, CA 92117, US",,Walk-up,32.8054656,-117.2011484
27,Call First,Food,,,877-698-7838,," 9465 Farnham Street San Diego, CA 92123, US",,Drive-through,32.832241,-117.124865
4,Alpine Pantry,Food,"1st and 3rd Wednesdays: Mobile Pantry (includes fresh produce and dry goods) 2nd and 4th Wednesdays: Produce Pantry (includes fresh produce)  Closed Nov 26, 2025. Closed Dec 24, 2025. Rescheduled to Dec 31, 2025.",,,," 1912 Arnold Way Alpine, CA 91901, US",,Walk-up,32.835816,-116.773774
30,Descanso Mobile Pantry,Food,,,,,"9545 River Dr. Descanso, CA 91916, US",,Walk-up,32.859707,-116.613827
13,Butterfield Mobile Pantry,Food,,,,,"14925 Great Southern Overland Stage Route Julian, CA 92036, US",,Walk-up,32.983428,-116.43462
12,Brother Benno Foundation,Food,,Mon; Sat; Sun,760-439-1244,," 3260 Production Avenue Oceanside, CA 92058, US",,Walk-up,33.216473,-117.347524
36,Faith Lutheran,Food,,Mon,760-724-7700,," 700 East Bobier Drive Vista, CA 92084, US",,Drive-through,33.220385,-117.234041
8,Bonsall Mobile Pantry,Food,,,,,"4980 Sweetgrass Lane Bonsall, CA 92003, US",,Drive-through,33.3010676,-117.2181502
1,Feeding San Diego Marketplace,Food,,Mon; Tue; Wed; Thu; Sat 10 a.m. – 12 p.m. Wednesdays: 5 – 7 p.m. First & Third Saturdays: 10 a.m. – 12 p.m. ,858-768-7424,,"9477 Waples St Ste 100 San Diego, CA 92121, US",,Walk-up,,
2,31st. St. SDA Church,Food,,,,,"31st. St. SDA Church Type of Distribution 414 S. 31st St. San Diego, CA 92113, US",,Walk-up,,
3,Abundant Grace Christian Center,Food,,Mon; Tue; Wed; Thu; Sun,619-788-2027,,"5858 El Cajon Boulevard San Diego, CA 92115, US",,Walk-up,,
5,Backcounty Communities Thriving,Food,,Mon,619-826-5886,,,,Walk-up,,
6,Bayside STEAM Elementary School Pantry,Food,,Mon; Tue; Wed; Thu; Fri  8:30 a.m.,619-262-8384,,,,Walk-up,,
7,Berry Elementary School Pantry,Food,,,619-628-3500,,"00 - 9:00 a.m. 2001 Rimbey Ave. San Diego, CA 92154, US",,Walk-up,,
9,Borrego Springs Pantry,Food,,,,,"587 Palm Canyon Drive #125 Borrego Springs, CA 92004, US",,Walk-up,,
10,Boulevard Mobile Pantry,Food,,,,,"39739 Avenue De Robles Verdes Boulevard, CA 91905, US",,Walk-up,,
15,Carlsbad Produce Pantry,Food,,,858-283-8998,,"2525 El Camino Real - LOT F  (Hint: Northernmost portion of Shops @ Carlsbad Mall parking lot directly north of the Carlsbad Pickleball building)., Carlsbad, CA 92008, US",,Walk-up,,
17,Christ Community Church (LoveActs),Food,,,858-549-2479,,"9535 Kearney Villa Road San Diego, CA 92126, US",,Drive-through,,
18,Christ Community Church (LoveActs),Food,,,858-549-2479,," Mira Mesa High School , San Diego, CA 92126, US",,Drive-through,,
20,Church of the Nazarene,Food,,Mon; Tue; Wed; Sat; Sun,619-516-1000,,"4101 University Avenue San Diego, CA 92015, US",,Walk-up,,
26,Community Resource Center,Food,,Mon; Sat,760-300-3238,," 650 Second Street Encinitas, CA 92024, US",,Walk-up,,
29,Crown Heights Produce Pantry,Food,,,858-283-8998,,"398-300 Brooks St Oceanside, CA 92054, US",,Walk-up,,
31,Downtown Fallbrook Mobile Pantry,Food,,,,," 124 S. Mission Road Fallbrook, CA 92028, US",,Walk-up,,
32,El Cajon Produce Pantry,Food,,,,," 8800 Grossmont College Drive Lot 7, El Cajon, CA 92020, US",,Walk-up,,
34,Escondido High School Pantry,Food,,,858-283-8998,,"1535 N Broadway Escondido, CA 92026, US",,Walk-up,,
35,Escondido Produce Pantry,Food,,,858.283.8998,,"639 E 17th Ave Escondido, CA 92025, US",,Walk-up,,
37,Faith Tabernacle,Food,,Mon; Tue,619-282-3044,," 3666 Madison Avenue San Diego, CA 92116, US",,,,
38,Call First,Food,,Mon; Fri; Sat,760-728-7608,," 140 North Brandon Rd. Fallbrook, CA 92028, US",, 11/27-11/28 and12/24-12/26 and 12/31-1/1 ,,
39,Fallbrook Mobile Pantry,Food,,,,," 35090 Horse Creek Ranch Road Fallbrook, CA 92028, US",,,,
40,Fallbrook SDA Church,Food,,,360-525-3230,," 1200 Old Hwy 395 Fallbrook, CA 92028, US",,,,
41,Feaster Charter School Pantry,Food,,,619-422-8397,," 670 Flower St. Chula Vista, CA 91910, US",,,,
42,Feeding San Diego Produce Pantry,Food,,,,,"9477 Waples St San Diego, CA 92121, US",,,,
43,Call First,Food,,,(760) 214-2878,," 404 8th St Ramona, CA 92065, US",,,,
44,Food for Life,Food,,Mon; Sat; Sun,760-968-6389,,"1130 North Melrose Drive Suite 406 Vista, CA 92083, US",, ,,
45,Foundry Food Pantry,Food,,Mon; Tue; Wed; Thu; Fri,442-777-2081,," 120 North Ash Street Escondido, CA 92027, US",, 11/27-11/28 and 12/22-1/4 reopens 1/5  ,,
46,Call First,Food,,,619-266-2066,," 570 65th Street San Diego, CA 92114, US",,,,
47,Friendships for Hope,Food,,Mon; Tue; Wed,619-395-5088,," E 7th St. National City, CA 91950, US",, ,,
48,"Good Shepherd Community Projects, Inc",Food,,,619-263-5556,," 390 S. 39th St San Diego, CA 92113, US",,,,
49,Grace Presbyterian,Food,,Mon; Tue; Wed; Fri; Sat,760-724-0077,," 1450 East Vista Way Vista, CA 92084, US",,  ,,
50,Guatay Mobile Pantry,Food,,,,,"27521 Old Highway 80 Guatay, CA 91931, US",," Nov 27, 2025. Rescheudled to Nov 25, 2025.  Dec 25, 2025. Rescheduled to Dec 23, 2025.",,
51,Hamilton Elementary School Pantry,Food,,,,,"2807 Fairmount Ave San Diego, CA 92105, US",,,,
52,Heaven's Windows,Food,,Mon; Tue; Sat,619-303-7806,,"8848 Troy St. Spring Valley, CA 91977, US",, ,,
53,Hoover High School Pantry,Food,,,619-431-0320,," 4474 El Cajon Blvd San Diego, San Diego, CA 92115, US",,,,
54,I Am My Brother's Keeper,Food,,Mon; Tue; Wed,619-262-7600,," 6601 Imperial Ave. San Diego, CA 92114, US",, ,,
55,Iglesia Casa de Alabanza,Food,,,,," 4250 El Cajon Blvd San Diego, CA 92105, US",,,,
56,Imperial Beach Neighborhood Center,Food,,Mon; Fri,619-424-5181,,"455 Palm Ave Imperial Beach, CA 91932, US",," on 11/27, 12/25, & 1/1/2026. ",,
57,Interfaith Community Services - Carlsbad,Food,,Mon; Tue; Wed; Thu; Fri,760-489-6380,,"5731 Palmer Way Suite A Carlsbad, CA 92010, US",,  ,,
58,Interfaith Community Services - Escondido,Food,,Mon; Sat,760-489-6380,,"550 West Washington Ave., Suite B Escondido, CA 92025, US",," 11/27, 11/28, 12/24, 12/25, 12/31, 1/1 ",,
59,Jacumba Pantry,Food,,,,," 44605 Old Highway 80 Jacumba, CA 91934, US",,,,
60,Jamul Community Church,Food,,Mon; Thu; Fri,619-669-7203,,"14866 Lyons Valley Road Jamul, CA 91935, US",," on Nov 27th 2025, Dec 25th 2025 & 1/1/2026  ",,
61,Jewish Family Service,Food,,Mon; Fri; Sat,858-637-3210,," 8878 Balboa Avenue San Diego, CA 92123, US",,,,
62,Journey Community Church,Food,,,619-464-4544,,"8363 Center Drive Suite 6C La Mesa, CA 91942, US",,"4th Thursday of the month at 7:00 p.m. until food runs out ( on Nov 27th 2025, Dec 25th 2025 & Jan 1st 2026)",,
63,Julian Mobile Pantry,Food,,,,," 4355 CA-78 Santa Ysabel, CA 92070, US",," Nov 26, 2025. Rescheudled to Dec 3, 2025.  Dec 24, 2025. Rescheduled to Dec 31, 2025.",,
64,La Jolla Reservation Produce Pantry,Food,,,,,"La Jolla Tribe Elder's Building:  501 Cemetary Road Pauma Valley, CA 92082, US",,,,
65,La Maestra,Food,,Mon; Tue; Thu; Fri; Sat,619-280-4213,,"4060 Fairmount Ave San Diego, CA 92105, US",,  ,,
66,Lakeside Christian Helps Center,Food,,Mon; Fri,619-933-1309,," 9931 Channel Road Lakeside, CA 92040, US",,"Please bring your own bags.  on 11/27/2025, from 12/22/2025 - 12/26/2025 & on 1/1/2026 ",,
67,Lakeside Mobile Pantry,Food,,,,,"9455 Los Coaches Road Lakeside, CA 92040, US",,,,
68,Lemon Crest Elementary School Pantry,Food,,,,," 12463 Lemon Crest Drive Lakeside, CA 92040, US",,,,
69,Lexington Elementary School Pantry,Food,,,,,"1145 Redwood Ave El Cajon, CA 92019, US",,,,
70,Libby Elementary School Pantry,Food,,,858-283-8998,,"423 W Redondo Dr Oceanside, CA 92057, US",,,,
71,Life Acts/ Life Christian Center,Food,,Mon; Sat; Sun,619-585-3638,,"7015 Alamitos Ave San Diego, CA 92154, US",, ,,
72,Lincoln High School Pantry,Food,,,619-266-6517,,"4777 Imperial Ave. San Diego, CA 92113, US",,,,
73,Lincoln Middle School Pantry,Food,,,858.283.8998,,"2000 California St Oceanside, CA 92054, US",,11am-12pm  for summer; RE-OPEN on August 27. ,,
74,Lindo Park Elementary School Pantry,Food,,,,," 12824 Lakeshore Drive Lakeside, CA 92040, US",,,,
75,LJC Ministries,Food,,,,," 9140 Akard Street Spring Valley, CA 91977, US",,10:30 a.m. - 12:00 p.m.,,
76,Logan Heights Community Development Corporation,Food,,,619-858-0563,," 3040 Imperial Ave San Diego, CA 92102, US",,10:00 a.m. - 12:00 p.m.,,
77,Mann Middle School Pantry,Food,,,,,"4345 54th St San Diego, CA 92115, US",,26 p.m. - 3:30 p.m. ,,
78,Masjidul Taqwa,Food,,,619-239-6738,,"2575 Imperial Avenue San Diego, CA 92102, US",,10:00 a.m. - 12:00 p.m. ,,
79,Meridian Baptist Church,Food,,Mon; Thu; Fri,619-444-3171,,"660 South 3rd Street El Cajon, CA 92019, US",, ,,
80,Mesa College,Food,,Mon; Tue; Wed,,,"7250 Mesa College Drive San Diego, CA 92111, US",," , 12:00 PM Mesa Commons Overhang Parking Lot 1 (Limited Free Visitors Parking in Lot 1) 3rd Thursday of the month from 11 a.m. - 1:00 p.m. (with a few exceptions) Please bring your own bags ",,
81,Mesa Grande Mobile Pantry,Food,,,,,"27000 Black Canyon Road Santa Ysabel, CA 92070, US",,,,
82,Millennial Tech Middle School Pantry,Food,,,619-362-4650,,"1110 Carolina Ln San Diego, CA 92102, US",,,,
83,Mission San Luis Food Pantry,Food,,Mon; Tue; Fri; Sat; Sun,760-547-0708,,"4070 Mission Ave Oceanside, CA 92056, US",,  ,,
84,Mission Village Christian,Food,,Wed,619-278-2647,,"2650 Melbourne Drive San Diego, CA 92123, US",,92123 zip code only,,
85,Monte Vista High School Pantry,Food,,,,," 3230 Sweetwater Springs Blvd Spring Valley, CA 91977, US",,00 p.m. - until supplies last Starting on 10/14/25,,
86,Most Precious Blood Church,Food,,Mon; Tue; Wed; Fri; Sat,619-420-7096,,"1245 4th Avenue Chula Vista, CA 91911, US",,"Open to residents in the following zip codes: 91910, 91911, and 92154. Must show proof of residence or call first to avoid being turned away.   ",,
87,Mt. Manna (UMC of Julian),Food,,,760-765-0114,,"2898 Highway 78 Julian, CA 92036, US",,00 - 10:30 a.m. December Distribution on 20th NOT the 27th ,,
88,Neighborhood Healthcare,Food,,,833-867-4642,,"425 N Date Street Escondido, CA 92025, US",,10am until supplies last ,,
89,New Hope SDA,Food,,,808-409-3165,," 2420 52nd St. San Diego, CA 92105, US",,00 -11:00 a.m.,,
90,NHA Head Start School Pantry,Food,,,,,"3770 Altadena Ave San Diego, CA 92105, US",,12:45 - 1:30 p.m,,
91,North County LGBTQ Resource Center,Food,,Mon; Fri; Sat,760-994-1690,,"3220 Mission Avenue, Suite #2 Oceanside, CA 92058, US",, ,,
92,North Park Apostolic Church,Food,,Mon; Wed; Fri,619-229-2800,," 2515 Lemon Grove Avenue Lemon Grove, CA 91945, US",," from 11/25/2025 - 11/28/2025, and 12/22/2025 - 1/2/2026.  ",,
93,North Terrace Elementary School Pantry,Food,,,858-283-8998,,"00 - 3:00 p.m. CLOSED for summer; RE-OPEN on September 11th. 141 Santa Rosa Dr. Oceanside, CA 92058, US",,,,
94,Ocean Beach Emergency Food Inc.,Food,,Mon; Tue,,,"1984 Sunset Cliffs Boulevard San Diego, CA 92107, US",,,,
95,Ocean Beach Produce Pantry,Food,,,,," 4390 Valeta Street San Diego, CA 92107, US",,,,
96,Ocean View Church,Food,,,619-424-7870,," 2460 Palm Avenue San Diego, CA 92154, US",,,,
97,Oceanside Mobile Pantry,Food,,Mon; Tue; Wed,858-283-8998,,"5306 North River Road Oceanside, CA 92057, US",, ,,
98,Call First,Food,,Mon; Tue,760-470-6992,,"  204 South Freeman Street Oceanside, CA 92054, US",,,,
99,Orange Glen High School Pantry,Food,,,858-283-8998,," 2200 Glenridge Rd Escondido, CA 92027, US",,"17 || DEC. 1 & 15 || JAN 12 & 26 || FEB 9 & 23 || MARCH 9, 23, 30 || APRIL 20 || MAY 4 & 18 || JUNE 1 ",,
100,Our Lady of Mt. Carmel Church,Food,,,858-324-0490,," 13541 Stoney Creek Road San Diego, CA 92129, US",,30 - 9:30 a.m. *ID is required,,
101,Pablo Tac School of the Arts Elementary School Pantry,Food,,,858-283-8998,," 3535 Hacienda Dr. Oceanside, CA 92054, US",,,,
102,Pacific Beach United Methodist Church,Food,,Mon; Wed; Thu,858-274-6573,,"1561 Thomas Avenue San Diego, CA 92109, US",, ,,
103,Paradise Hills Elementary School Pantry,Food,,,,,"5816 Alleghany St. San Diego, CA 92139, US",,11:30 a.m. - 12:30 p.m. ,,
104,Pardise Valley SDA,Food,,Sat,760-755-5325,,"8783 Jamacha Rd Spring Valley, CA 91977, US",,,,
105,Partnership for a Better San Diego,Food,,Mon; Tue; Thu; Fri,,," 3737 Camino Del Rio South Suite 102 San Diego, CA 92108, US",, ,,
106,Pauma Pantry,Food,,,,," 16650 Highway 76 Pauma, CA 92061, US",,12:00 - 1:00 p.m. 1st and 3rd Tuesdays: Mobile Pantry (includes fresh produce and dry goods) 2nd and 4th Tuesdays: Produce Pantry (includes fresh produce),,
107,Pauma School Pantry,Food,,,,,"33158 Cole Grade Road Pauma Valley, CA 92061, US",,,,
108,Porter Elementary School Pantry,Food,,,619-794-9558,,"445 South 47th St San Diego, CA 92113, US",,,,
109,Potrero Mobile Pantry,Food,,,,," 24954 Potrero Valley Road Potrero, CA 91963, US",,12:00 - 1:00 p.m.,,
110,Call First,Food,,Mon; Tue; Wed; Thu; Fri; Sun,619-777-6723,,"633 9th St Imperial Beach, CA 91932, US",, ,,
111,Call First,Food,,Mon; Sat,760-789-4458,,"773 Main Street Ramona, CA 92065, US",,,,
112,Ramona Mobile Pantry,Food,,,,,"1275 Main Street Ramona, CA 92065, US",, on 12/23/25 --> Rescheduled to 12/16/25.,,
113,Ranchita Mobile Pantry,Food,,,,," 37370 Montezuma Valley Road Ranchita, CA 92066, US",,,,
114,Rancho Penasquitos Produce Pantry,Food,,,,," 13193 Salmon River Rd San Diego, CA 92129, US",,,,
115,Rincon Pantry,Food,,,,,"8030 West Tribal Road Valley Center, CA 92082, US",,,,
116,Rock Church - Chula Vista,Food,,,619-226-7625,," Parking lot West of AMC theaters 2015 Birch Rd Chula Vista, CA 91915, US",,10:00 a.m. - 12:00 p.m. (or until food runs out),,
117,Rock Church - City Heights,Food,,,619-226-7625,," 4001 El Cajon Blvd San Diego, CA 92105, US",,,,
118,Rock Church - El Cajon,Food,,,619-226-7625,,"808 Jackman Street El Cajon, CA 92020, US",,,,
119,Rock Church - San Marcos,Food,,,619-226-7625,," 1370 W San Marcos Blvd San Marcos, CA 92078, US",,12:00 p.m.. Holiday Changes for November and December. New dates and times: 11/20 6pm and 12/18 6pm,,
120,Rock Church Point Loma,Food,,,619-226-7625,,"10:00 a.m. until supplies run out At the Vons Parking Lot 2480 Truxton Rd San Diego, CA 92106, US",,,,
121,Ruth Anointed World Ministries,Food,,Mon; Wed; Thu,760-580-0835,,"2081 Bear Valley Pkwy Escondido, CA 92027, US",," 11/27, 11/28, 12/24, 12/25, 1/1",,
122,Call First,Food,,,619-224-2746,," 4776 Saratoga Avenue San Diego, CA 92107, US",,,,
123,Salvation Army Chula Vista,Food,,Mon; Wed; Thu; Fri; Sat,619-422-7027,,"648 3rd Avenue Chula Vista, CA 91910, US",,  ,,
124,Salvation Army El Cajon,Food,,Mon; Tue; Wed; Thu; Fri; Sat,619-593-1077,,"1011 East Main Street El Cajon, CA 92021, US",,"New clients will be asked to provide IDs. Diapers are provided for all children under the age of 3 years old once a month.  on 11/27/2025, 11/28/2025, 12/22/2025 to 12/26/2025 and on 1/1/2026   ",,
125,Salvation Army Escondido,Food,,Mon; Tue; Wed; Thu; Fri; Sat,760-745-8616,,"1301 Las Villas Way Escondido, CA 92026, US",, 11/27 and 12/24-1/1   ,,
126,Salvation Army Oceanside (SAO),Food,,Mon; Wed; Thu; Fri; Sat,760-631-8212,,"3935 Lake Boulevard Oceanside, CA 92056, US",,  ,,
127,San Diego Christian Center (The Center),Food,,Mon; Tue; Wed; Thu; Fri; Sat,760-707-6681,," 1305 Deodar Rd Escondido, CA 92026, US",,Open 11/27 10am-12pm.  11/28. Open 12/24 10am-12pm (will have toys for kids ages 0-18). OPen 12/31.  1/1   ,,
128,San Diego Fil-Am SDA Church,Food,,,858-603-4737,," 3602 Bonita Road Chula Vista, CA 91910, US",,10:00 a.m. - 12:00 p.m. (open to the public) 2nd Thursday of the month from 10:00 a.m. - 12:00 p.m. (for unsheltered neighbors only),,
129,San Diego Maranatha SDA Church,Food,,,,,"6065 Skyline Dr. San Diego, CA 92114, US",,2025 -- 4th Saturday of the month from 2:00 - 4:00 p.m. ,,
130,San Diego South Bay SDA Church,Food,,,,,"2161 Avenida Del Mexico Chula Vista, CA 92154, US",,10:00 a.m. - 12:00 p.m. ,,
131,San Marcos Elementary School Pantry,Food,,,858-283-8998,," 19th 1 Tiger Way San Marcos, CA 92069, US",,NOV Reschedule: Nov. 26th Rescheduled to Nov. 19th,,
132,San Marcos Mobile Pantry,Food,,,858.283.8998,," 332 E. Olive Street San Marcos, CA 92069, US",,11:00 a.m. - 12:30 p.m. Enter parking lot through turn-off from main street (follow address).  Please bring your own bags. ,,
133,San Marcos Seventh-Day Adventist Church,Food,,,760-277-8819,,"363 Woodland Parkway San Marcos, CA 92069, US",,,,
134,San Pasqual High School Pantry,Food,,,858-283-8998,," 3300 Bear Valley Pkwy Escondido, CA 92025, US",,,,
135,San Pasqual Pantry,Food,,,,,"16400 Kumeyaay Way Valley Center, CA 92082, US",,"30 - 4:00 p.m. 1st and 3rd Wednesdays: Produce Pantry (includes fresh produce) 2nd and 4th Wednesdays: Mobile Pantry (includes fresh produce and dry goods)  Canceled Nov 26, 2025. Canceled Dec 24, 2025. ",,
136,Call First,Food,,Mon; Sat,619-478-2384,,"976 Sheridan Road Campo, CA 91906, US",,,,
137,Santa Sophia Conference,Food,,Mon; Tue; Wed; Thu; Fri; Sat; Sun,619-341-1786,,"9800 San Juan Street Spring Valley, CA 91977, US",," on holidays.     91977, 91978, 91941, 91945, 92019  *Requires ID and utility bill for proof of residence* ",,
138,Santa Ysabel Mobile Pantry,Food,,,,,"100 School House Canyon Road Santa Ysabel, CA 92070, US",,,,
139,Call First,Food,,Mon; Wed; Thu; Fri; Sun,619-448-2096,," 9735 Halberns Blvd Santee, CA 92071, US",,"Santee Residents ONLY [utilities bill] Proof of income eligibility [Social Security Documentation, Pay Stub] ID   on 11/27, 11/28, 12/24, 12/25, 12/26 & on 1/1/2026   ",,
140,Serving Good,Food,,Mon; Tue; Thu,619-445-6040,,"45, Market opens at 6pm.  844 Tavern Road Alpine, CA 91901, US",, ,,
141,Set Free Church,Food,,Mon; Fri; Sat,,,"1919 Apple Street Oceanside, CA 92056, US",, ,,
142,Shadow Mountain Cares,Food,,Mon; Tue; Fri; Sat,619-590-2157,,"2100 Greenfield Dr El Cajon, CA 92019, US",, ,,
143,Shelter Valley Mobile Pantry,Food,,,,," 7217 Great Southern Overland Stage Route Julian, CA 92036, US",," Nov 26, 2025. Rescheudled to Dec 3, 2025.  Dec 24, 2025. Rescheduled to Dec 31, 2025.",,
144,Shepherd's Pantry,Food,,Sat; Mon; Sat; Sun,619-442-9491,," 772 S. Johnson Ave El Cajon, CA 92020, US",," on Sat, Dec 27th 2025  ",,
145,Sherman Heights Community Center,Food,,,619-232-5181,," 2258 Island Ave San Diego, CA 92102, US",,,,
146,South Bay Food Pantry,Food,,Mon; Sat; Sun,619-298-9978,,"970 Broadway Ste 101 Chula Vista, CA 91911, US",, ,,
147,Southport Christian Center,Food,,Mon; Fri; Sat,619-474-2834,,"142 East 16th Street National City, CA 91950, US",, ,,
148,Spring Valley Produce Pantry,Food,,,,,"9400 Campo Road Spring Valley, CA 91977, US",,,,
149,Spring Valley Summer Pantry,Food,,,(619) 463-3006,,"836 Kempton St Spring Valley, CA 91977, US",,"12/25, 6/26/25, 7/10/25, 7/24/25, 8/14/25, 8/28/25 between 1:00 - 2:00 p.m. ",,
150,St Vincent de Paul at St Stephen's,Food,,Mon; Sat; Sun,760-749-3324,," 31020 Cole Grade Road Valley Center, CA 92082, US",,For Valley Center residents only.  12/27/25 and 01/03/26  ,,
151,St. Andrew's,Food,,Mon; Thu; Fri,760-753-3017,,"890 Balour Drive Encinitas, CA 92024, US",, ,,
152,St. Marks Episcopal Church,Food,,Mon; Wed; Thu,619-283-6242,,"4227 Fairmount Avenue San Diego, CA 92105, US",, ,,
153,St. Rose of Lima,Food,,Mon; Wed; Thu,619-427-7637,,"278 Alvarado Street Chula Vista, CA 91910, US",, ,,
154,STAR/PAL Colina del Sol Park,Food,,,619-484-7557,," 4110 54th St San Diego, CA 92105, US",,,,
155,STAR/PAL Memorial Park,Food,,,619-484-7557,," 501 S. 29th Street San Diego, CA 92113, US",,,,
156,Stepping Higher,Food,,Mon; Tue; Fri,,,"138 28th St. San Diego, CA 92102, US",, ,,
157,Summer Food Service Program - Campo-Morena Village Library,Food,,,(619) 478-5945,," 31356 CA-94 Campo, CA 91906, US",,11/25 to 8/13/25 between 12:00 p.m. - 2:00 p.m. Dry Goods Only Eligibility: only for youth 18 and under; parent/guardian may pick up on child's behalf,,
158,Call First,Food,,Mon; Wed; Thu,619-213-9370,," prior 494 E Street Chula Vista, CA 91910, US",, ,,
159,The Community Food Connection,Food,,Mon; Tue; Wed; Thu; Fri; Sat,858-751-4613,,"14047 Twin Peaks Road Poway, CA 92064, US",," Drive-Thru Distribution 11/27, 11/28, 12/24, 12/25, 12/31, 1/1   ",,
160,The Preuss School UCSD,Food,,,,,"00 - 4:30 p.m. 3750 Voigt Drive La Jolla, CA 92037, US",,"11/27, 11/28, 12/24, 12/25, 12/31, 1/1 ",,
161,Trinity Lutheran Church,Food,,Mon; Tue; Wed; Thu; Fri,619-262-1089,,"7210 Lisbon Street San Diego, CA 92114, US",,  ,,
162,Call First,Food,,Mon; Fri,858-412-7012,," 12 North Euclid Ave National City, CA 91950, US",,,,
163,Valley Center Mobile Pantry,Food,,,,,". 29200 Cole Grade Road Valley Center, CA 92082, US",,,,
164,Valley High School Pantry,Food,,,858-283-8998,," 410 Hidden Trails Rd Escondido, CA 92027, US",,00 - 3:00 p.m.  for summer; RE-OPEN on September 2nd. ,,
165,Venture Church,Food,,Mon; Wed; Thu,760-452-0893,,"777 Santa Fe Drive Encinitas, CA 92024, US",, ,,
166,Call First,Food,,Mon,,,"1000 Vale Terrace Vista, CA 92084, US",,,,
167,Vista Mobile Pantry,Food,,,858.283.8998,,"700 Eucalyptus Ave. Vista, CA 92084, US",,00 p.m. - 3:00 p.m.  Pick up for your family + two more neighbors/families!  Please bring your own bags.  ,,
168,Vista Produce Pantry,Food,,,858.283.8998,," Tennis Club of Vista 685 Taylor Street Vista, CA 92084, US",,"July 1st Reschedule to June, 24th, 2025, 11:00 a.m. - 12:00 p.m. July 1st Reschedule to June, 24th, 2025. ",,
169,Warner Springs Pantry,Food,,,,,"30950 CA-79 Warner Springs, CA 92086, US",,,,
170,Wesley House,Food,,Mon; Tue; Sat,(619) 582-0773,,"5710 Hardy Ave, Suite 12 San Diego, CA 92115, US",," Storepoint Store Locator , 11/3/2025 - Eligiblity requirement: Current College Students Only. Proof of enrollment required.   Monday 9:30am - 11:30am. Tuesday - Friday: 0130pm - 4:30pm",,
171,Father Joe's Villages,Food,,,619-233-8500,https://my.neighbor.org,"1501 Imperial Ave, San Diego, CA 92101",,,,
188,Father Joe’s Villages — Joan Kroc Campus,Food,,,0,0,"1501 Imperial Ave, San Diego, CA 92101",,,,
197,Feeding San Diego,Food,,,0,0,"9477 Waples St #100, San Diego, CA 92121",,,,
201,Porchlight Community Services,Food,,,0,0,"8888 Clairemont Mesa Blvd, San Diego, CA 92123",,,,
205,Interfaith Community Services,Food,,,760-489-6380,https://www.interfaithservices.org,"550 W Washington Ave, Escondido, CA 92025",,,,
215,You Saved Me Foundation,Food,,,0,0,"3350 El Cajon Blvd, San Diego, CA 92104",,,,
219,San Diego Rescue Mission,Food,,,619-687-3720,https://www.sdrescue.org,"120 Elm St, San Diego, CA 92101",,,,
223,St. Vincent de Paul Village,Food,,,619-233-8500,https://my.neighbor.org,"1501 Imperial Ave, San Diego, CA 92101",,,,
229,Think Dignity (Fresh Start Showers),Food,,,619-537-8736,https://www.thinkdignity.org,San Diego County (events),,,,
235,San Diego Rescue Mission,Food,,,619-687-3720,https://www.sdrescue.org,"120 Elm St, San Diego, CA 92101",,,,
240,The Salvation Army San Diego,Food,,,0,0,"825 7th Ave, San Diego, CA 92101",,,,
260,Catholic Charities Diocese of San Diego,Food,,,0,0,"349 Cedar St, San Diego, CA 92101",,,,
267,PATH (People Assisting the Homeless),Food,,,619-810-8600,https://epath.org,"1250 6th Ave, San Diego, CA 92101",,,,
270,Homeless Outreach Program (Downtown Fellowship),Food,,,858-555-1234,,Downtown San Diego,,,,
273,Catholic Charities – Rachel’s Women’s Center,Food,,,619-696-0873,,"759 8th Ave, San Diego, CA 92101",,,,
292,Catholic Charities Rachel's Women's Center,Food,,,619-696-0873,https://ccdsd.org,"759 8th Ave, San Diego, CA 92101",,,,
296,Salvation Army Door of Hope,Food,,,619-858-0189,https://sandiego.salvationarmy.org,"2799 Health Center Dr, San Diego, CA 92123",,,,
